participantId,trialId,block,trialWithinBlock,withinCondition,xai_type,dataId,instanceId,CV_user_task_levels,CV_num_attributes_shown_levels,phase,phaseTrialId,sampled_ai_prediction,tested_w_xai
1,1,1,1,single_condition,none,wine_quality,1090,forward_simulation,5,training,1,1,
1,2,1,2,single_condition,none,wine_quality,550,forward_simulation,5,training,2,0,
1,3,1,3,single_condition,none,wine_quality,1116,forward_simulation,5,training,3,0,
1,4,1,4,single_condition,none,wine_quality,1406,forward_simulation,5,training,4,1,
1,5,1,5,single_condition,none,wine_quality,375,forward_simulation,5,training,5,1,
1,6,1,6,single_condition,none,wine_quality,963,forward_simulation,5,training,6,1,
1,7,1,7,single_condition,none,wine_quality,948,forward_simulation,5,training,7,1,
1,8,1,8,single_condition,none,wine_quality,883,forward_simulation,5,training,8,0,
1,9,1,9,single_condition,none,wine_quality,208,forward_simulation,5,training,9,0,
1,10,1,10,single_condition,none,wine_quality,1489,forward_simulation,5,training,10,0,
1,11,1,1,single_condition,none,wine_quality,505,forward_simulation,5,testing,1,1,True
1,12,1,2,single_condition,none,wine_quality,578,forward_simulation,5,testing,2,0,False
1,13,1,3,single_condition,none,wine_quality,999,forward_simulation,5,testing,3,0,True
1,14,1,4,single_condition,none,wine_quality,267,forward_simulation,5,testing,4,1,False
1,15,1,5,single_condition,none,wine_quality,940,forward_simulation,5,testing,5,1,False
1,16,1,6,single_condition,none,wine_quality,1018,forward_simulation,5,testing,6,1,True
1,17,1,7,single_condition,none,wine_quality,532,forward_simulation,5,testing,7,0,True
1,18,1,8,single_condition,none,wine_quality,1107,forward_simulation,5,testing,8,1,True
1,19,1,9,single_condition,none,wine_quality,1539,forward_simulation,5,testing,9,0,False
1,20,1,10,single_condition,none,wine_quality,1125,forward_simulation,5,testing,10,1,True
1,21,1,11,single_condition,none,wine_quality,870,forward_simulation,5,testing,11,0,True
1,22,1,12,single_condition,none,wine_quality,166,forward_simulation,5,testing,12,0,True
1,23,1,13,single_condition,none,wine_quality,377,forward_simulation,5,testing,13,1,False
1,24,1,14,single_condition,none,wine_quality,856,forward_simulation,5,testing,14,0,True
1,25,1,15,single_condition,none,wine_quality,930,forward_simulation,5,testing,15,0,False
1,26,1,16,single_condition,none,wine_quality,1016,forward_simulation,5,testing,16,1,True
1,27,1,17,single_condition,none,wine_quality,1452,forward_simulation,5,testing,17,0,False
1,28,1,18,single_condition,none,wine_quality,1267,forward_simulation,5,testing,18,1,False
1,29,1,19,single_condition,none,wine_quality,1061,forward_simulation,5,testing,19,1,False
1,30,1,20,single_condition,none,wine_quality,1170,forward_simulation,5,testing,20,0,False
2,1,1,1,single_condition,importance,wine_quality,887,forward_simulation,5,training,1,0,
2,2,1,2,single_condition,importance,wine_quality,874,forward_simulation,5,training,2,1,
2,3,1,3,single_condition,importance,wine_quality,1258,forward_simulation,5,training,3,0,
2,4,1,4,single_condition,importance,wine_quality,805,forward_simulation,5,training,4,1,
2,5,1,5,single_condition,importance,wine_quality,455,forward_simulation,5,training,5,1,
2,6,1,6,single_condition,importance,wine_quality,988,forward_simulation,5,training,6,0,
2,7,1,7,single_condition,importance,wine_quality,966,forward_simulation,5,training,7,1,
2,8,1,8,single_condition,importance,wine_quality,952,forward_simulation,5,training,8,1,
2,9,1,9,single_condition,importance,wine_quality,1380,forward_simulation,5,training,9,0,
2,10,1,10,single_condition,importance,wine_quality,1213,forward_simulation,5,training,10,0,
2,11,1,1,single_condition,importance,wine_quality,940,forward_simulation,5,testing,1,1,True
2,12,1,2,single_condition,importance,wine_quality,738,forward_simulation,5,testing,2,0,True
2,13,1,3,single_condition,importance,wine_quality,470,forward_simulation,5,testing,3,1,False
2,14,1,4,single_condition,importance,wine_quality,1061,forward_simulation,5,testing,4,1,True
2,15,1,5,single_condition,importance,wine_quality,1469,forward_simulation,5,testing,5,0,True
2,16,1,6,single_condition,importance,wine_quality,157,forward_simulation,5,testing,6,0,False
2,17,1,7,single_condition,importance,wine_quality,1539,forward_simulation,5,testing,7,0,True
2,18,1,8,single_condition,importance,wine_quality,1424,forward_simulation,5,testing,8,0,False
2,19,1,9,single_condition,importance,wine_quality,152,forward_simulation,5,testing,9,0,True
2,20,1,10,single_condition,importance,wine_quality,1070,forward_simulation,5,testing,10,1,False
2,21,1,11,single_condition,importance,wine_quality,1447,forward_simulation,5,testing,11,0,True
2,22,1,12,single_condition,importance,wine_quality,1127,forward_simulation,5,testing,12,0,True
2,23,1,13,single_condition,importance,wine_quality,491,forward_simulation,5,testing,13,1,False
2,24,1,14,single_condition,importance,wine_quality,1107,forward_simulation,5,testing,14,1,False
2,25,1,15,single_condition,importance,wine_quality,1267,forward_simulation,5,testing,15,1,False
2,26,1,16,single_condition,importance,wine_quality,947,forward_simulation,5,testing,16,1,True
2,27,1,17,single_condition,importance,wine_quality,136,forward_simulation,5,testing,17,0,False
2,28,1,18,single_condition,importance,wine_quality,1260,forward_simulation,5,testing,18,0,True
2,29,1,19,single_condition,importance,wine_quality,1125,forward_simulation,5,testing,19,1,False
2,30,1,20,single_condition,importance,wine_quality,505,forward_simulation,5,testing,20,1,False
3,1,1,1,single_condition,attribution,wine_quality,1293,forward_simulation,5,training,1,0,
3,2,1,2,single_condition,attribution,wine_quality,1162,forward_simulation,5,training,2,1,
3,3,1,3,single_condition,attribution,wine_quality,455,forward_simulation,5,training,3,1,
3,4,1,4,single_condition,attribution,wine_quality,467,forward_simulation,5,training,4,1,
3,5,1,5,single_condition,attribution,wine_quality,1178,forward_simulation,5,training,5,0,
3,6,1,6,single_condition,attribution,wine_quality,408,forward_simulation,5,training,6,1,
3,7,1,7,single_condition,attribution,wine_quality,28,forward_simulation,5,training,7,0,
3,8,1,8,single_condition,attribution,wine_quality,1520,forward_simulation,5,training,8,0,
3,9,1,9,single_condition,attribution,wine_quality,657,forward_simulation,5,training,9,1,
3,10,1,10,single_condition,attribution,wine_quality,99,forward_simulation,5,training,10,0,
3,11,1,1,single_condition,attribution,wine_quality,842,forward_simulation,5,testing,1,0,False
3,12,1,2,single_condition,attribution,wine_quality,1124,forward_simulation,5,testing,2,0,False
3,13,1,3,single_condition,attribution,wine_quality,491,forward_simulation,5,testing,3,1,False
3,14,1,4,single_condition,attribution,wine_quality,1107,forward_simulation,5,testing,4,1,True
3,15,1,5,single_condition,attribution,wine_quality,448,forward_simulation,5,testing,5,0,False
3,16,1,6,single_condition,attribution,wine_quality,505,forward_simulation,5,testing,6,1,False
3,17,1,7,single_condition,attribution,wine_quality,1061,forward_simulation,5,testing,7,1,True
3,18,1,8,single_condition,attribution,wine_quality,22,forward_simulation,5,testing,8,0,False
3,19,1,9,single_condition,attribution,wine_quality,882,forward_simulation,5,testing,9,1,True
3,20,1,10,single_condition,attribution,wine_quality,810,forward_simulation,5,testing,10,0,True
3,21,1,11,single_condition,attribution,wine_quality,15,forward_simulation,5,testing,11,0,False
3,22,1,12,single_condition,attribution,wine_quality,1132,forward_simulation,5,testing,12,1,True
3,23,1,13,single_condition,attribution,wine_quality,616,forward_simulation,5,testing,13,0,False
3,24,1,14,single_condition,attribution,wine_quality,875,forward_simulation,5,testing,14,1,False
3,25,1,15,single_condition,attribution,wine_quality,1172,forward_simulation,5,testing,15,1,False
3,26,1,16,single_condition,attribution,wine_quality,1476,forward_simulation,5,testing,16,0,True
3,27,1,17,single_condition,attribution,wine_quality,1170,forward_simulation,5,testing,17,0,True
3,28,1,18,single_condition,attribution,wine_quality,1070,forward_simulation,5,testing,18,1,True
3,29,1,19,single_condition,attribution,wine_quality,596,forward_simulation,5,testing,19,0,True
3,30,1,20,single_condition,attribution,wine_quality,1120,forward_simulation,5,testing,20,1,True
4,1,1,1,single_condition,none,wine_quality,164,forward_simulation,5,training,1,0,
4,2,1,2,single_condition,none,wine_quality,837,forward_simulation,5,training,2,1,
4,3,1,3,single_condition,none,wine_quality,866,forward_simulation,5,training,3,1,
4,4,1,4,single_condition,none,wine_quality,1222,forward_simulation,5,training,4,0,
4,5,1,5,single_condition,none,wine_quality,1541,forward_simulation,5,training,5,0,
4,6,1,6,single_condition,none,wine_quality,408,forward_simulation,5,training,6,1,
4,7,1,7,single_condition,none,wine_quality,1096,forward_simulation,5,training,7,0,
4,8,1,8,single_condition,none,wine_quality,331,forward_simulation,5,training,8,0,
4,9,1,9,single_condition,none,wine_quality,1093,forward_simulation,5,training,9,1,
4,10,1,10,single_condition,none,wine_quality,440,forward_simulation,5,training,10,1,
4,11,1,1,single_condition,none,wine_quality,1485,forward_simulation,5,testing,1,0,False
4,12,1,2,single_condition,none,wine_quality,1556,forward_simulation,5,testing,2,0,True
4,13,1,3,single_condition,none,wine_quality,194,forward_simulation,5,testing,3,0,True
4,14,1,4,single_condition,none,wine_quality,1120,forward_simulation,5,testing,4,1,False
4,15,1,5,single_condition,none,wine_quality,1125,forward_simulation,5,testing,5,1,True
4,16,1,6,single_condition,none,wine_quality,1016,forward_simulation,5,testing,6,1,False
4,17,1,7,single_condition,none,wine_quality,1113,forward_simulation,5,testing,7,0,True
4,18,1,8,single_condition,none,wine_quality,1172,forward_simulation,5,testing,8,1,True
4,19,1,9,single_condition,none,wine_quality,733,forward_simulation,5,testing,9,0,True
4,20,1,10,single_condition,none,wine_quality,1267,forward_simulation,5,testing,10,1,True
4,21,1,11,single_condition,none,wine_quality,578,forward_simulation,5,testing,11,0,False
4,22,1,12,single_condition,none,wine_quality,1438,forward_simulation,5,testing,12,0,True
4,23,1,13,single_condition,none,wine_quality,377,forward_simulation,5,testing,13,1,False
4,24,1,14,single_condition,none,wine_quality,1070,forward_simulation,5,testing,14,1,False
4,25,1,15,single_condition,none,wine_quality,1405,forward_simulation,5,testing,15,1,False
4,26,1,16,single_condition,none,wine_quality,1205,forward_simulation,5,testing,16,0,True
4,27,1,17,single_condition,none,wine_quality,1416,forward_simulation,5,testing,17,0,False
4,28,1,18,single_condition,none,wine_quality,505,forward_simulation,5,testing,18,1,False
4,29,1,19,single_condition,none,wine_quality,681,forward_simulation,5,testing,19,0,False
4,30,1,20,single_condition,none,wine_quality,882,forward_simulation,5,testing,20,1,True
5,1,1,1,single_condition,importance,wine_quality,1007,forward_simulation,5,training,1,1,
5,2,1,2,single_condition,importance,wine_quality,895,forward_simulation,5,training,2,0,
5,3,1,3,single_condition,importance,wine_quality,405,forward_simulation,5,training,3,0,
5,4,1,4,single_condition,importance,wine_quality,1336,forward_simulation,5,training,4,0,
5,5,1,5,single_condition,importance,wine_quality,1451,forward_simulation,5,training,5,1,
5,6,1,6,single_condition,importance,wine_quality,509,forward_simulation,5,training,6,1,
5,7,1,7,single_condition,importance,wine_quality,1181,forward_simulation,5,training,7,0,
5,8,1,8,single_condition,importance,wine_quality,1570,forward_simulation,5,training,8,1,
5,9,1,9,single_condition,importance,wine_quality,1086,forward_simulation,5,training,9,1,
5,10,1,10,single_condition,importance,wine_quality,520,forward_simulation,5,training,10,0,
5,11,1,1,single_condition,importance,wine_quality,1426,forward_simulation,5,testing,1,0,True
5,12,1,2,single_condition,importance,wine_quality,1113,forward_simulation,5,testing,2,0,False
5,13,1,3,single_condition,importance,wine_quality,451,forward_simulation,5,testing,3,0,True
5,14,1,4,single_condition,importance,wine_quality,1070,forward_simulation,5,testing,4,1,True
5,15,1,5,single_condition,importance,wine_quality,1132,forward_simulation,5,testing,5,1,False
5,16,1,6,single_condition,importance,wine_quality,950,forward_simulation,5,testing,6,1,True
5,17,1,7,single_condition,importance,wine_quality,1125,forward_simulation,5,testing,7,1,True
5,18,1,8,single_condition,importance,wine_quality,501,forward_simulation,5,testing,8,0,True
5,19,1,9,single_condition,importance,wine_quality,1172,forward_simulation,5,testing,9,1,False
5,20,1,10,single_condition,importance,wine_quality,1107,forward_simulation,5,testing,10,1,False
5,21,1,11,single_condition,importance,wine_quality,616,forward_simulation,5,testing,11,0,True
5,22,1,12,single_condition,importance,wine_quality,1176,forward_simulation,5,testing,12,0,True
5,23,1,13,single_condition,importance,wine_quality,456,forward_simulation,5,testing,13,0,True
5,24,1,14,single_condition,importance,wine_quality,1405,forward_simulation,5,testing,14,1,False
5,25,1,15,single_condition,importance,wine_quality,270,forward_simulation,5,testing,15,0,False
5,26,1,16,single_condition,importance,wine_quality,491,forward_simulation,5,testing,16,1,False
5,27,1,17,single_condition,importance,wine_quality,505,forward_simulation,5,testing,17,1,False
5,28,1,18,single_condition,importance,wine_quality,267,forward_simulation,5,testing,18,1,False
5,29,1,19,single_condition,importance,wine_quality,1461,forward_simulation,5,testing,19,0,True
5,30,1,20,single_condition,importance,wine_quality,1369,forward_simulation,5,testing,20,0,False
6,1,1,1,single_condition,attribution,wine_quality,1412,forward_simulation,5,training,1,1,
6,2,1,2,single_condition,attribution,wine_quality,949,forward_simulation,5,training,2,1,
6,3,1,3,single_condition,attribution,wine_quality,1339,forward_simulation,5,training,3,0,
6,4,1,4,single_condition,attribution,wine_quality,1076,forward_simulation,5,training,4,1,
6,5,1,5,single_condition,attribution,wine_quality,1015,forward_simulation,5,training,5,1,
6,6,1,6,single_condition,attribution,wine_quality,1460,forward_simulation,5,training,6,0,
6,7,1,7,single_condition,attribution,wine_quality,371,forward_simulation,5,training,7,0,
6,8,1,8,single_condition,attribution,wine_quality,896,forward_simulation,5,training,8,1,
6,9,1,9,single_condition,attribution,wine_quality,337,forward_simulation,5,training,9,0,
6,10,1,10,single_condition,attribution,wine_quality,1423,forward_simulation,5,training,10,0,
6,11,1,1,single_condition,attribution,wine_quality,90,forward_simulation,5,testing,1,0,False
6,12,1,2,single_condition,attribution,wine_quality,1061,forward_simulation,5,testing,2,1,False
6,13,1,3,single_condition,attribution,wine_quality,875,forward_simulation,5,testing,3,1,False
6,14,1,4,single_condition,attribution,wine_quality,1227,forward_simulation,5,testing,4,0,False
6,15,1,5,single_condition,attribution,wine_quality,1016,forward_simulation,5,testing,5,1,False
6,16,1,6,single_condition,attribution,wine_quality,882,forward_simulation,5,testing,6,1,True
6,17,1,7,single_condition,attribution,wine_quality,1132,forward_simulation,5,testing,7,1,True
6,18,1,8,single_condition,attribution,wine_quality,981,forward_simulation,5,testing,8,0,False
6,19,1,9,single_condition,attribution,wine_quality,269,forward_simulation,5,testing,9,0,True
6,20,1,10,single_condition,attribution,wine_quality,1172,forward_simulation,5,testing,10,1,True
6,21,1,11,single_condition,attribution,wine_quality,1130,forward_simulation,5,testing,11,0,True
6,22,1,12,single_condition,attribution,wine_quality,1070,forward_simulation,5,testing,12,1,False
6,23,1,13,single_condition,attribution,wine_quality,267,forward_simulation,5,testing,13,1,True
6,24,1,14,single_condition,attribution,wine_quality,1301,forward_simulation,5,testing,14,0,True
6,25,1,15,single_condition,attribution,wine_quality,182,forward_simulation,5,testing,15,0,False
6,26,1,16,single_condition,attribution,wine_quality,1255,forward_simulation,5,testing,16,0,False
6,27,1,17,single_condition,attribution,wine_quality,505,forward_simulation,5,testing,17,1,True
6,28,1,18,single_condition,attribution,wine_quality,940,forward_simulation,5,testing,18,1,True
6,29,1,19,single_condition,attribution,wine_quality,632,forward_simulation,5,testing,19,0,False
6,30,1,20,single_condition,attribution,wine_quality,1051,forward_simulation,5,testing,20,0,True
7,1,1,1,single_condition,none,wine_quality,210,forward_simulation,5,training,1,1,
7,2,1,2,single_condition,none,wine_quality,844,forward_simulation,5,training,2,0,
7,3,1,3,single_condition,none,wine_quality,949,forward_simulation,5,training,3,1,
7,4,1,4,single_condition,none,wine_quality,1431,forward_simulation,5,training,4,0,
7,5,1,5,single_condition,none,wine_quality,605,forward_simulation,5,training,5,0,
7,6,1,6,single_condition,none,wine_quality,952,forward_simulation,5,training,6,1,
7,7,1,7,single_condition,none,wine_quality,1008,forward_simulation,5,training,7,1,
7,8,1,8,single_condition,none,wine_quality,184,forward_simulation,5,training,8,0,
7,9,1,9,single_condition,none,wine_quality,1143,forward_simulation,5,training,9,0,
7,10,1,10,single_condition,none,wine_quality,430,forward_simulation,5,training,10,1,
7,11,1,1,single_condition,none,wine_quality,999,forward_simulation,5,testing,1,0,True
7,12,1,2,single_condition,none,wine_quality,1021,forward_simulation,5,testing,2,0,True
7,13,1,3,single_condition,none,wine_quality,160,forward_simulation,5,testing,3,0,True
7,14,1,4,single_condition,none,wine_quality,849,forward_simulation,5,testing,4,0,True
7,15,1,5,single_condition,none,wine_quality,1405,forward_simulation,5,testing,5,1,False
7,16,1,6,single_condition,none,wine_quality,1205,forward_simulation,5,testing,6,0,True
7,17,1,7,single_condition,none,wine_quality,947,forward_simulation,5,testing,7,1,True
7,18,1,8,single_condition,none,wine_quality,950,forward_simulation,5,testing,8,1,False
7,19,1,9,single_condition,none,wine_quality,377,forward_simulation,5,testing,9,1,False
7,20,1,10,single_condition,none,wine_quality,194,forward_simulation,5,testing,10,0,False
7,21,1,11,single_condition,none,wine_quality,1132,forward_simulation,5,testing,11,1,True
7,22,1,12,single_condition,none,wine_quality,1426,forward_simulation,5,testing,12,0,False
7,23,1,13,single_condition,none,wine_quality,470,forward_simulation,5,testing,13,1,False
7,24,1,14,single_condition,none,wine_quality,1061,forward_simulation,5,testing,14,1,True
7,25,1,15,single_condition,none,wine_quality,1107,forward_simulation,5,testing,15,1,False
7,26,1,16,single_condition,none,wine_quality,44,forward_simulation,5,testing,16,0,True
7,27,1,17,single_condition,none,wine_quality,244,forward_simulation,5,testing,17,0,False
7,28,1,18,single_condition,none,wine_quality,909,forward_simulation,5,testing,18,0,True
7,29,1,19,single_condition,none,wine_quality,1267,forward_simulation,5,testing,19,1,False
7,30,1,20,single_condition,none,wine_quality,940,forward_simulation,5,testing,20,1,False
8,1,1,1,single_condition,importance,wine_quality,963,forward_simulation,5,training,1,1,
8,2,1,2,single_condition,importance,wine_quality,804,forward_simulation,5,training,2,0,
8,3,1,3,single_condition,importance,wine_quality,198,forward_simulation,5,training,3,1,
8,4,1,4,single_condition,importance,wine_quality,978,forward_simulation,5,training,4,0,
8,5,1,5,single_condition,importance,wine_quality,1006,forward_simulation,5,training,5,1,
8,6,1,6,single_condition,importance,wine_quality,1122,forward_simulation,5,training,6,0,
8,7,1,7,single_condition,importance,wine_quality,1053,forward_simulation,5,training,7,1,
8,8,1,8,single_condition,importance,wine_quality,373,forward_simulation,5,training,8,0,
8,9,1,9,single_condition,importance,wine_quality,336,forward_simulation,5,training,9,1,
8,10,1,10,single_condition,importance,wine_quality,1100,forward_simulation,5,training,10,0,
8,11,1,1,single_condition,importance,wine_quality,532,forward_simulation,5,testing,1,0,False
8,12,1,2,single_condition,importance,wine_quality,270,forward_simulation,5,testing,2,0,True
8,13,1,3,single_condition,importance,wine_quality,1070,forward_simulation,5,testing,3,1,False
8,14,1,4,single_condition,importance,wine_quality,21,forward_simulation,5,testing,4,0,True
8,15,1,5,single_condition,importance,wine_quality,505,forward_simulation,5,testing,5,1,False
8,16,1,6,single_condition,importance,wine_quality,1389,forward_simulation,5,testing,6,0,True
8,17,1,7,single_condition,importance,wine_quality,1018,forward_simulation,5,testing,7,1,True
8,18,1,8,single_condition,importance,wine_quality,940,forward_simulation,5,testing,8,1,True
8,19,1,9,single_condition,importance,wine_quality,1495,forward_simulation,5,testing,9,0,True
8,20,1,10,single_condition,importance,wine_quality,79,forward_simulation,5,testing,10,0,False
8,21,1,11,single_condition,importance,wine_quality,1113,forward_simulation,5,testing,11,0,False
8,22,1,12,single_condition,importance,wine_quality,265,forward_simulation,5,testing,12,0,True
8,23,1,13,single_condition,importance,wine_quality,1405,forward_simulation,5,testing,13,1,False
8,24,1,14,single_condition,importance,wine_quality,1107,forward_simulation,5,testing,14,1,True
8,25,1,15,single_condition,importance,wine_quality,377,forward_simulation,5,testing,15,1,True
8,26,1,16,single_condition,importance,wine_quality,950,forward_simulation,5,testing,16,1,True
8,27,1,17,single_condition,importance,wine_quality,267,forward_simulation,5,testing,17,1,False
8,28,1,18,single_condition,importance,wine_quality,1132,forward_simulation,5,testing,18,1,False
8,29,1,19,single_condition,importance,wine_quality,870,forward_simulation,5,testing,19,0,False
8,30,1,20,single_condition,importance,wine_quality,1188,forward_simulation,5,testing,20,0,False
9,1,1,1,single_condition,attribution,wine_quality,1013,forward_simulation,5,training,1,0,
9,2,1,2,single_condition,attribution,wine_quality,838,forward_simulation,5,training,2,1,
9,3,1,3,single_condition,attribution,wine_quality,444,forward_simulation,5,training,3,1,
9,4,1,4,single_condition,attribution,wine_quality,205,forward_simulation,5,training,4,1,
9,5,1,5,single_condition,attribution,wine_quality,652,forward_simulation,5,training,5,0,
9,6,1,6,single_condition,attribution,wine_quality,1411,forward_simulation,5,training,6,0,
9,7,1,7,single_condition,attribution,wine_quality,1402,forward_simulation,5,training,7,1,
9,8,1,8,single_condition,attribution,wine_quality,1006,forward_simulation,5,training,8,1,
9,9,1,9,single_condition,attribution,wine_quality,43,forward_simulation,5,training,9,0,
9,10,1,10,single_condition,attribution,wine_quality,171,forward_simulation,5,training,10,0,
9,11,1,1,single_condition,attribution,wine_quality,596,forward_simulation,5,testing,1,0,False
9,12,1,2,single_condition,attribution,wine_quality,947,forward_simulation,5,testing,2,1,True
9,13,1,3,single_condition,attribution,wine_quality,1227,forward_simulation,5,testing,3,0,False
9,14,1,4,single_condition,attribution,wine_quality,1125,forward_simulation,5,testing,4,1,True
9,15,1,5,single_condition,attribution,wine_quality,960,forward_simulation,5,testing,5,0,False
9,16,1,6,single_condition,attribution,wine_quality,470,forward_simulation,5,testing,6,1,False
9,17,1,7,single_condition,attribution,wine_quality,957,forward_simulation,5,testing,7,0,True
9,18,1,8,single_condition,attribution,wine_quality,1508,forward_simulation,5,testing,8,0,False
9,19,1,9,single_condition,attribution,wine_quality,1574,forward_simulation,5,testing,9,0,False
9,20,1,10,single_condition,attribution,wine_quality,1502,forward_simulation,5,testing,10,0,True
9,21,1,11,single_condition,attribution,wine_quality,491,forward_simulation,5,testing,11,1,True
9,22,1,12,single_condition,attribution,wine_quality,1107,forward_simulation,5,testing,12,1,False
9,23,1,13,single_condition,attribution,wine_quality,1120,forward_simulation,5,testing,13,1,True
9,24,1,14,single_condition,attribution,wine_quality,1018,forward_simulation,5,testing,14,1,False
9,25,1,15,single_condition,attribution,wine_quality,377,forward_simulation,5,testing,15,1,True
9,26,1,16,single_condition,attribution,wine_quality,888,forward_simulation,5,testing,16,0,True
9,27,1,17,single_condition,attribution,wine_quality,267,forward_simulation,5,testing,17,1,True
9,28,1,18,single_condition,attribution,wine_quality,1001,forward_simulation,5,testing,18,0,False
9,29,1,19,single_condition,attribution,wine_quality,928,forward_simulation,5,testing,19,0,False
9,30,1,20,single_condition,attribution,wine_quality,1016,forward_simulation,5,testing,20,1,True
10,1,1,1,single_condition,none,wine_quality,732,forward_simulation,5,training,1,0,
10,2,1,2,single_condition,none,wine_quality,245,forward_simulation,5,training,2,0,
10,3,1,3,single_condition,none,wine_quality,1451,forward_simulation,5,training,3,1,
10,4,1,4,single_condition,none,wine_quality,175,forward_simulation,5,training,4,0,
10,5,1,5,single_condition,none,wine_quality,334,forward_simulation,5,training,5,0,
10,6,1,6,single_condition,none,wine_quality,948,forward_simulation,5,training,6,1,
10,7,1,7,single_condition,none,wine_quality,1123,forward_simulation,5,training,7,0,
10,8,1,8,single_condition,none,wine_quality,966,forward_simulation,5,training,8,1,
10,9,1,9,single_condition,none,wine_quality,1477,forward_simulation,5,training,9,1,
10,10,1,10,single_condition,none,wine_quality,1544,forward_simulation,5,training,10,1,
10,11,1,1,single_condition,none,wine_quality,377,forward_simulation,5,testing,1,1,False
10,12,1,2,single_condition,none,wine_quality,1151,forward_simulation,5,testing,2,0,False
10,13,1,3,single_condition,none,wine_quality,191,forward_simulation,5,testing,3,0,True
10,14,1,4,single_condition,none,wine_quality,505,forward_simulation,5,testing,4,1,False
10,15,1,5,single_condition,none,wine_quality,1107,forward_simulation,5,testing,5,1,False
10,16,1,6,single_condition,none,wine_quality,15,forward_simulation,5,testing,6,0,False
10,17,1,7,single_condition,none,wine_quality,27,forward_simulation,5,testing,7,0,False
10,18,1,8,single_condition,none,wine_quality,688,forward_simulation,5,testing,8,0,True
10,19,1,9,single_condition,none,wine_quality,961,forward_simulation,5,testing,9,0,True
10,20,1,10,single_condition,none,wine_quality,1061,forward_simulation,5,testing,10,1,False
10,21,1,11,single_condition,none,wine_quality,1173,forward_simulation,5,testing,11,0,True
10,22,1,12,single_condition,none,wine_quality,1574,forward_simulation,5,testing,12,0,True
10,23,1,13,single_condition,none,wine_quality,1172,forward_simulation,5,testing,13,1,True
10,24,1,14,single_condition,none,wine_quality,470,forward_simulation,5,testing,14,1,False
10,25,1,15,single_condition,none,wine_quality,1547,forward_simulation,5,testing,15,0,True
10,26,1,16,single_condition,none,wine_quality,1018,forward_simulation,5,testing,16,1,True
10,27,1,17,single_condition,none,wine_quality,940,forward_simulation,5,testing,17,1,True
10,28,1,18,single_condition,none,wine_quality,882,forward_simulation,5,testing,18,1,True
10,29,1,19,single_condition,none,wine_quality,1405,forward_simulation,5,testing,19,1,False
10,30,1,20,single_condition,none,wine_quality,957,forward_simulation,5,testing,20,0,False
11,1,1,1,single_condition,importance,wine_quality,365,forward_simulation,5,training,1,1,
11,2,1,2,single_condition,importance,wine_quality,1105,forward_simulation,5,training,2,0,
11,3,1,3,single_condition,importance,wine_quality,1093,forward_simulation,5,training,3,1,
11,4,1,4,single_condition,importance,wine_quality,802,forward_simulation,5,training,4,1,
11,5,1,5,single_condition,importance,wine_quality,1031,forward_simulation,5,training,5,0,
11,6,1,6,single_condition,importance,wine_quality,43,forward_simulation,5,training,6,0,
11,7,1,7,single_condition,importance,wine_quality,838,forward_simulation,5,training,7,1,
11,8,1,8,single_condition,importance,wine_quality,1098,forward_simulation,5,training,8,1,
11,9,1,9,single_condition,importance,wine_quality,694,forward_simulation,5,training,9,0,
11,10,1,10,single_condition,importance,wine_quality,279,forward_simulation,5,training,10,0,
11,11,1,1,single_condition,importance,wine_quality,521,forward_simulation,5,testing,1,0,False
11,12,1,2,single_condition,importance,wine_quality,528,forward_simulation,5,testing,2,0,True
11,13,1,3,single_condition,importance,wine_quality,1102,forward_simulation,5,testing,3,0,False
11,14,1,4,single_condition,importance,wine_quality,1120,forward_simulation,5,testing,4,1,True
11,15,1,5,single_condition,importance,wine_quality,366,forward_simulation,5,testing,5,0,True
11,16,1,6,single_condition,importance,wine_quality,950,forward_simulation,5,testing,6,1,True
11,17,1,7,single_condition,importance,wine_quality,906,forward_simulation,5,testing,7,0,False
11,18,1,8,single_condition,importance,wine_quality,1125,forward_simulation,5,testing,8,1,False
11,19,1,9,single_condition,importance,wine_quality,1289,forward_simulation,5,testing,9,0,True
11,20,1,10,single_condition,importance,wine_quality,1597,forward_simulation,5,testing,10,0,False
11,21,1,11,single_condition,importance,wine_quality,875,forward_simulation,5,testing,11,1,False
11,22,1,12,single_condition,importance,wine_quality,1267,forward_simulation,5,testing,12,1,True
11,23,1,13,single_condition,importance,wine_quality,377,forward_simulation,5,testing,13,1,True
11,24,1,14,single_condition,importance,wine_quality,1016,forward_simulation,5,testing,14,1,True
11,25,1,15,single_condition,importance,wine_quality,410,forward_simulation,5,testing,15,0,False
11,26,1,16,single_condition,importance,wine_quality,470,forward_simulation,5,testing,16,1,False
11,27,1,17,single_condition,importance,wine_quality,1172,forward_simulation,5,testing,17,1,True
11,28,1,18,single_condition,importance,wine_quality,136,forward_simulation,5,testing,18,0,False
11,29,1,19,single_condition,importance,wine_quality,1070,forward_simulation,5,testing,19,1,False
11,30,1,20,single_condition,importance,wine_quality,713,forward_simulation,5,testing,20,0,True
12,1,1,1,single_condition,attribution,wine_quality,714,forward_simulation,5,training,1,0,
12,2,1,2,single_condition,attribution,wine_quality,341,forward_simulation,5,training,2,1,
12,3,1,3,single_condition,attribution,wine_quality,963,forward_simulation,5,training,3,1,
12,4,1,4,single_condition,attribution,wine_quality,966,forward_simulation,5,training,4,1,
12,5,1,5,single_condition,attribution,wine_quality,93,forward_simulation,5,training,5,0,
12,6,1,6,single_condition,attribution,wine_quality,1161,forward_simulation,5,training,6,0,
12,7,1,7,single_condition,attribution,wine_quality,1497,forward_simulation,5,training,7,0,
12,8,1,8,single_condition,attribution,wine_quality,663,forward_simulation,5,training,8,1,
12,9,1,9,single_condition,attribution,wine_quality,1362,forward_simulation,5,training,9,0,
12,10,1,10,single_condition,attribution,wine_quality,1093,forward_simulation,5,training,10,1,
12,11,1,1,single_condition,attribution,wine_quality,882,forward_simulation,5,testing,1,1,False
12,12,1,2,single_condition,attribution,wine_quality,1289,forward_simulation,5,testing,2,0,False
12,13,1,3,single_condition,attribution,wine_quality,1125,forward_simulation,5,testing,3,1,True
12,14,1,4,single_condition,attribution,wine_quality,940,forward_simulation,5,testing,4,1,False
12,15,1,5,single_condition,attribution,wine_quality,39,forward_simulation,5,testing,5,0,False
12,16,1,6,single_condition,attribution,wine_quality,660,forward_simulation,5,testing,6,0,True
12,17,1,7,single_condition,attribution,wine_quality,505,forward_simulation,5,testing,7,1,False
12,18,1,8,single_condition,attribution,wine_quality,877,forward_simulation,5,testing,8,0,True
12,19,1,9,single_condition,attribution,wine_quality,1001,forward_simulation,5,testing,9,0,False
12,20,1,10,single_condition,attribution,wine_quality,1405,forward_simulation,5,testing,10,1,True
12,21,1,11,single_condition,attribution,wine_quality,1132,forward_simulation,5,testing,11,1,False
12,22,1,12,single_condition,attribution,wine_quality,1075,forward_simulation,5,testing,12,0,True
12,23,1,13,single_condition,attribution,wine_quality,1556,forward_simulation,5,testing,13,0,False
12,24,1,14,single_condition,attribution,wine_quality,849,forward_simulation,5,testing,14,0,True
12,25,1,15,single_condition,attribution,wine_quality,1172,forward_simulation,5,testing,15,1,True
12,26,1,16,single_condition,attribution,wine_quality,875,forward_simulation,5,testing,16,1,True
12,27,1,17,single_condition,attribution,wine_quality,377,forward_simulation,5,testing,17,1,True
12,28,1,18,single_condition,attribution,wine_quality,1301,forward_simulation,5,testing,18,0,False
12,29,1,19,single_condition,attribution,wine_quality,1029,forward_simulation,5,testing,19,0,False
12,30,1,20,single_condition,attribution,wine_quality,950,forward_simulation,5,testing,20,1,True
13,1,1,1,single_condition,none,wine_quality,1390,forward_simulation,5,training,1,0,
13,2,1,2,single_condition,none,wine_quality,467,forward_simulation,5,training,2,1,
13,3,1,3,single_condition,none,wine_quality,732,forward_simulation,5,training,3,0,
13,4,1,4,single_condition,none,wine_quality,455,forward_simulation,5,training,4,1,
13,5,1,5,single_condition,none,wine_quality,1523,forward_simulation,5,training,5,0,
13,6,1,6,single_condition,none,wine_quality,942,forward_simulation,5,training,6,0,
13,7,1,7,single_condition,none,wine_quality,1098,forward_simulation,5,training,7,1,
13,8,1,8,single_condition,none,wine_quality,1584,forward_simulation,5,training,8,1,
13,9,1,9,single_condition,none,wine_quality,606,forward_simulation,5,training,9,1,
13,10,1,10,single_condition,none,wine_quality,693,forward_simulation,5,training,10,0,
13,11,1,1,single_condition,none,wine_quality,1405,forward_simulation,5,testing,1,1,True
13,12,1,2,single_condition,none,wine_quality,491,forward_simulation,5,testing,2,1,False
13,13,1,3,single_condition,none,wine_quality,505,forward_simulation,5,testing,3,1,True
13,14,1,4,single_condition,none,wine_quality,1205,forward_simulation,5,testing,4,0,True
13,15,1,5,single_condition,none,wine_quality,470,forward_simulation,5,testing,5,1,False
13,16,1,6,single_condition,none,wine_quality,1172,forward_simulation,5,testing,6,1,True
13,17,1,7,single_condition,none,wine_quality,344,forward_simulation,5,testing,7,0,False
13,18,1,8,single_condition,none,wine_quality,1324,forward_simulation,5,testing,8,0,True
13,19,1,9,single_condition,none,wine_quality,964,forward_simulation,5,testing,9,0,False
13,20,1,10,single_condition,none,wine_quality,1070,forward_simulation,5,testing,10,1,False
13,21,1,11,single_condition,none,wine_quality,1436,forward_simulation,5,testing,11,0,True
13,22,1,12,single_condition,none,wine_quality,882,forward_simulation,5,testing,12,1,False
13,23,1,13,single_condition,none,wine_quality,496,forward_simulation,5,testing,13,0,False
13,24,1,14,single_condition,none,wine_quality,1267,forward_simulation,5,testing,14,1,True
13,25,1,15,single_condition,none,wine_quality,480,forward_simulation,5,testing,15,0,True
13,26,1,16,single_condition,none,wine_quality,1113,forward_simulation,5,testing,16,0,False
13,27,1,17,single_condition,none,wine_quality,596,forward_simulation,5,testing,17,0,True
13,28,1,18,single_condition,none,wine_quality,947,forward_simulation,5,testing,18,1,False
13,29,1,19,single_condition,none,wine_quality,1476,forward_simulation,5,testing,19,0,False
13,30,1,20,single_condition,none,wine_quality,1125,forward_simulation,5,testing,20,1,True
14,1,1,1,single_condition,importance,wine_quality,1048,forward_simulation,5,training,1,0,
14,2,1,2,single_condition,importance,wine_quality,1544,forward_simulation,5,training,2,1,
14,3,1,3,single_condition,importance,wine_quality,467,forward_simulation,5,training,3,1,
14,4,1,4,single_condition,importance,wine_quality,1228,forward_simulation,5,training,4,1,
14,5,1,5,single_condition,importance,wine_quality,1028,forward_simulation,5,training,5,0,
14,6,1,6,single_condition,importance,wine_quality,520,forward_simulation,5,training,6,0,
14,7,1,7,single_condition,importance,wine_quality,946,forward_simulation,5,training,7,1,
14,8,1,8,single_condition,importance,wine_quality,1406,forward_simulation,5,training,8,1,
14,9,1,9,single_condition,importance,wine_quality,5,forward_simulation,5,training,9,0,
14,10,1,10,single_condition,importance,wine_quality,321,forward_simulation,5,training,10,0,
14,11,1,1,single_condition,importance,wine_quality,947,forward_simulation,5,testing,1,1,True
14,12,1,2,single_condition,importance,wine_quality,882,forward_simulation,5,testing,2,1,False
14,13,1,3,single_condition,importance,wine_quality,267,forward_simulation,5,testing,3,1,False
14,14,1,4,single_condition,importance,wine_quality,491,forward_simulation,5,testing,4,1,True
14,15,1,5,single_condition,importance,wine_quality,1301,forward_simulation,5,testing,5,0,True
14,16,1,6,single_condition,importance,wine_quality,839,forward_simulation,5,testing,6,0,True
14,17,1,7,single_condition,importance,wine_quality,906,forward_simulation,5,testing,7,0,True
14,18,1,8,single_condition,importance,wine_quality,505,forward_simulation,5,testing,8,1,True
14,19,1,9,single_condition,importance,wine_quality,237,forward_simulation,5,testing,9,0,False
14,20,1,10,single_condition,importance,wine_quality,27,forward_simulation,5,testing,10,0,False
14,21,1,11,single_condition,importance,wine_quality,1253,forward_simulation,5,testing,11,0,False
14,22,1,12,single_condition,importance,wine_quality,1263,forward_simulation,5,testing,12,0,False
14,23,1,13,single_condition,importance,wine_quality,1120,forward_simulation,5,testing,13,1,True
14,24,1,14,single_condition,importance,wine_quality,950,forward_simulation,5,testing,14,1,True
14,25,1,15,single_condition,importance,wine_quality,1107,forward_simulation,5,testing,15,1,False
14,26,1,16,single_condition,importance,wine_quality,1274,forward_simulation,5,testing,16,0,True
14,27,1,17,single_condition,importance,wine_quality,1132,forward_simulation,5,testing,17,1,False
14,28,1,18,single_condition,importance,wine_quality,1061,forward_simulation,5,testing,18,1,False
14,29,1,19,single_condition,importance,wine_quality,599,forward_simulation,5,testing,19,0,True
14,30,1,20,single_condition,importance,wine_quality,849,forward_simulation,5,testing,20,0,False
15,1,1,1,single_condition,attribution,wine_quality,1477,forward_simulation,5,training,1,1,
15,2,1,2,single_condition,attribution,wine_quality,1041,forward_simulation,5,training,2,0,
15,3,1,3,single_condition,attribution,wine_quality,948,forward_simulation,5,training,3,1,
15,4,1,4,single_condition,attribution,wine_quality,747,forward_simulation,5,training,4,0,
15,5,1,5,single_condition,attribution,wine_quality,651,forward_simulation,5,training,5,0,
15,6,1,6,single_condition,attribution,wine_quality,492,forward_simulation,5,training,6,1,
15,7,1,7,single_condition,attribution,wine_quality,608,forward_simulation,5,training,7,0,
15,8,1,8,single_condition,attribution,wine_quality,1450,forward_simulation,5,training,8,1,
15,9,1,9,single_condition,attribution,wine_quality,310,forward_simulation,5,training,9,0,
15,10,1,10,single_condition,attribution,wine_quality,837,forward_simulation,5,training,10,1,
15,11,1,1,single_condition,attribution,wine_quality,470,forward_simulation,5,testing,1,1,False
15,12,1,2,single_condition,attribution,wine_quality,981,forward_simulation,5,testing,2,0,False
15,13,1,3,single_condition,attribution,wine_quality,15,forward_simulation,5,testing,3,0,False
15,14,1,4,single_condition,attribution,wine_quality,1095,forward_simulation,5,testing,4,0,False
15,15,1,5,single_condition,attribution,wine_quality,1075,forward_simulation,5,testing,5,0,True
15,16,1,6,single_condition,attribution,wine_quality,902,forward_simulation,5,testing,6,0,False
15,17,1,7,single_condition,attribution,wine_quality,267,forward_simulation,5,testing,7,1,True
15,18,1,8,single_condition,attribution,wine_quality,1371,forward_simulation,5,testing,8,0,True
15,19,1,9,single_condition,attribution,wine_quality,572,forward_simulation,5,testing,9,0,True
15,20,1,10,single_condition,attribution,wine_quality,1172,forward_simulation,5,testing,10,1,True
15,21,1,11,single_condition,attribution,wine_quality,1120,forward_simulation,5,testing,11,1,False
15,22,1,12,single_condition,attribution,wine_quality,559,forward_simulation,5,testing,12,0,True
15,23,1,13,single_condition,attribution,wine_quality,1274,forward_simulation,5,testing,13,0,False
15,24,1,14,single_condition,attribution,wine_quality,1107,forward_simulation,5,testing,14,1,True
15,25,1,15,single_condition,attribution,wine_quality,1132,forward_simulation,5,testing,15,1,False
15,26,1,16,single_condition,attribution,wine_quality,819,forward_simulation,5,testing,16,0,False
15,27,1,17,single_condition,attribution,wine_quality,505,forward_simulation,5,testing,17,1,False
15,28,1,18,single_condition,attribution,wine_quality,1061,forward_simulation,5,testing,18,1,True
15,29,1,19,single_condition,attribution,wine_quality,1267,forward_simulation,5,testing,19,1,True
15,30,1,20,single_condition,attribution,wine_quality,377,forward_simulation,5,testing,20,1,True
16,1,1,1,single_condition,none,wine_quality,859,forward_simulation,5,training,1,0,
16,2,1,2,single_condition,none,wine_quality,1450,forward_simulation,5,training,2,1,
16,3,1,3,single_condition,none,wine_quality,205,forward_simulation,5,training,3,1,
16,4,1,4,single_condition,none,wine_quality,1475,forward_simulation,5,training,4,1,
16,5,1,5,single_condition,none,wine_quality,799,forward_simulation,5,training,5,0,
16,6,1,6,single_condition,none,wine_quality,74,forward_simulation,5,training,6,0,
16,7,1,7,single_condition,none,wine_quality,137,forward_simulation,5,training,7,0,
16,8,1,8,single_condition,none,wine_quality,1008,forward_simulation,5,training,8,1,
16,9,1,9,single_condition,none,wine_quality,1366,forward_simulation,5,training,9,0,
16,10,1,10,single_condition,none,wine_quality,1477,forward_simulation,5,training,10,1,
16,11,1,1,single_condition,none,wine_quality,1365,forward_simulation,5,testing,1,0,False
16,12,1,2,single_condition,none,wine_quality,491,forward_simulation,5,testing,2,1,False
16,13,1,3,single_condition,none,wine_quality,841,forward_simulation,5,testing,3,0,False
16,14,1,4,single_condition,none,wine_quality,940,forward_simulation,5,testing,4,1,True
16,15,1,5,single_condition,none,wine_quality,1405,forward_simulation,5,testing,5,1,True
16,16,1,6,single_condition,none,wine_quality,377,forward_simulation,5,testing,6,1,True
16,17,1,7,single_condition,none,wine_quality,505,forward_simulation,5,testing,7,1,False
16,18,1,8,single_condition,none,wine_quality,1016,forward_simulation,5,testing,8,1,False
16,19,1,9,single_condition,none,wine_quality,559,forward_simulation,5,testing,9,0,False
16,20,1,10,single_condition,none,wine_quality,376,forward_simulation,5,testing,10,0,True
16,21,1,11,single_condition,none,wine_quality,46,forward_simulation,5,testing,11,0,True
16,22,1,12,single_condition,none,wine_quality,163,forward_simulation,5,testing,12,0,False
16,23,1,13,single_condition,none,wine_quality,882,forward_simulation,5,testing,13,1,True
16,24,1,14,single_condition,none,wine_quality,1355,forward_simulation,5,testing,14,0,True
16,25,1,15,single_condition,none,wine_quality,21,forward_simulation,5,testing,15,0,False
16,26,1,16,single_condition,none,wine_quality,1107,forward_simulation,5,testing,16,1,True
16,27,1,17,single_condition,none,wine_quality,599,forward_simulation,5,testing,17,0,False
16,28,1,18,single_condition,none,wine_quality,950,forward_simulation,5,testing,18,1,True
16,29,1,19,single_condition,none,wine_quality,193,forward_simulation,5,testing,19,0,False
16,30,1,20,single_condition,none,wine_quality,1018,forward_simulation,5,testing,20,1,True
17,1,1,1,single_condition,importance,wine_quality,1133,forward_simulation,5,training,1,0,
17,2,1,2,single_condition,importance,wine_quality,1117,forward_simulation,5,training,2,0,
17,3,1,3,single_condition,importance,wine_quality,583,forward_simulation,5,training,3,1,
17,4,1,4,single_condition,importance,wine_quality,716,forward_simulation,5,training,4,0,
17,5,1,5,single_condition,importance,wine_quality,168,forward_simulation,5,training,5,0,
17,6,1,6,single_condition,importance,wine_quality,1068,forward_simulation,5,training,6,1,
17,7,1,7,single_condition,importance,wine_quality,509,forward_simulation,5,training,7,1,
17,8,1,8,single_condition,importance,wine_quality,1584,forward_simulation,5,training,8,1,
17,9,1,9,single_condition,importance,wine_quality,1311,forward_simulation,5,training,9,0,
17,10,1,10,single_condition,importance,wine_quality,807,forward_simulation,5,training,10,1,
17,11,1,1,single_condition,importance,wine_quality,491,forward_simulation,5,testing,1,1,True
17,12,1,2,single_condition,importance,wine_quality,267,forward_simulation,5,testing,2,1,False
17,13,1,3,single_condition,importance,wine_quality,1136,forward_simulation,5,testing,3,0,False
17,14,1,4,single_condition,importance,wine_quality,1070,forward_simulation,5,testing,4,1,True
17,15,1,5,single_condition,importance,wine_quality,39,forward_simulation,5,testing,5,0,True
17,16,1,6,single_condition,importance,wine_quality,875,forward_simulation,5,testing,6,1,False
17,17,1,7,single_condition,importance,wine_quality,1405,forward_simulation,5,testing,7,1,False
17,18,1,8,single_condition,importance,wine_quality,839,forward_simulation,5,testing,8,0,False
17,19,1,9,single_condition,importance,wine_quality,194,forward_simulation,5,testing,9,0,True
17,20,1,10,single_condition,importance,wine_quality,1508,forward_simulation,5,testing,10,0,False
17,21,1,11,single_condition,importance,wine_quality,888,forward_simulation,5,testing,11,0,False
17,22,1,12,single_condition,importance,wine_quality,554,forward_simulation,5,testing,12,0,True
17,23,1,13,single_condition,importance,wine_quality,1132,forward_simulation,5,testing,13,1,False
17,24,1,14,single_condition,importance,wine_quality,1496,forward_simulation,5,testing,14,0,True
17,25,1,15,single_condition,importance,wine_quality,470,forward_simulation,5,testing,15,1,True
17,26,1,16,single_condition,importance,wine_quality,1016,forward_simulation,5,testing,16,1,True
17,27,1,17,single_condition,importance,wine_quality,1120,forward_simulation,5,testing,17,1,True
17,28,1,18,single_condition,importance,wine_quality,505,forward_simulation,5,testing,18,1,False
17,29,1,19,single_condition,importance,wine_quality,274,forward_simulation,5,testing,19,0,False
17,30,1,20,single_condition,importance,wine_quality,540,forward_simulation,5,testing,20,0,True
18,1,1,1,single_condition,attribution,wine_quality,1068,forward_simulation,5,training,1,1,
18,2,1,2,single_condition,attribution,wine_quality,1475,forward_simulation,5,training,2,1,
18,3,1,3,single_condition,attribution,wine_quality,1402,forward_simulation,5,training,3,1,
18,4,1,4,single_condition,attribution,wine_quality,178,forward_simulation,5,training,4,0,
18,5,1,5,single_condition,attribution,wine_quality,498,forward_simulation,5,training,5,0,
18,6,1,6,single_condition,attribution,wine_quality,440,forward_simulation,5,training,6,1,
18,7,1,7,single_condition,attribution,wine_quality,1072,forward_simulation,5,training,7,0,
18,8,1,8,single_condition,attribution,wine_quality,1380,forward_simulation,5,training,8,0,
18,9,1,9,single_condition,attribution,wine_quality,365,forward_simulation,5,training,9,1,
18,10,1,10,single_condition,attribution,wine_quality,978,forward_simulation,5,training,10,0,
18,11,1,1,single_condition,attribution,wine_quality,870,forward_simulation,5,testing,1,0,False
18,12,1,2,single_condition,attribution,wine_quality,882,forward_simulation,5,testing,2,1,True
18,13,1,3,single_condition,attribution,wine_quality,450,forward_simulation,5,testing,3,0,True
18,14,1,4,single_condition,attribution,wine_quality,1485,forward_simulation,5,testing,4,0,False
18,15,1,5,single_condition,attribution,wine_quality,377,forward_simulation,5,testing,5,1,True
18,16,1,6,single_condition,attribution,wine_quality,513,forward_simulation,5,testing,6,0,True
18,17,1,7,single_condition,attribution,wine_quality,1016,forward_simulation,5,testing,7,1,True
18,18,1,8,single_condition,attribution,wine_quality,79,forward_simulation,5,testing,8,0,False
18,19,1,9,single_condition,attribution,wine_quality,1120,forward_simulation,5,testing,9,1,True
18,20,1,10,single_condition,attribution,wine_quality,1087,forward_simulation,5,testing,10,0,False
18,21,1,11,single_condition,attribution,wine_quality,1529,forward_simulation,5,testing,11,0,False
18,22,1,12,single_condition,attribution,wine_quality,1132,forward_simulation,5,testing,12,1,True
18,23,1,13,single_condition,attribution,wine_quality,505,forward_simulation,5,testing,13,1,False
18,24,1,14,single_condition,attribution,wine_quality,511,forward_simulation,5,testing,14,0,False
18,25,1,15,single_condition,attribution,wine_quality,237,forward_simulation,5,testing,15,0,False
18,26,1,16,single_condition,attribution,wine_quality,947,forward_simulation,5,testing,16,1,False
18,27,1,17,single_condition,attribution,wine_quality,940,forward_simulation,5,testing,17,1,False
18,28,1,18,single_condition,attribution,wine_quality,1107,forward_simulation,5,testing,18,1,True
18,29,1,19,single_condition,attribution,wine_quality,192,forward_simulation,5,testing,19,0,True
18,30,1,20,single_condition,attribution,wine_quality,1018,forward_simulation,5,testing,20,1,True
19,1,1,1,single_condition,none,wine_quality,838,forward_simulation,5,training,1,1,
19,2,1,2,single_condition,none,wine_quality,1439,forward_simulation,5,training,2,0,
19,3,1,3,single_condition,none,wine_quality,287,forward_simulation,5,training,3,0,
19,4,1,4,single_condition,none,wine_quality,1553,forward_simulation,5,training,4,0,
19,5,1,5,single_condition,none,wine_quality,1412,forward_simulation,5,training,5,1,
19,6,1,6,single_condition,none,wine_quality,346,forward_simulation,5,training,6,1,
19,7,1,7,single_condition,none,wine_quality,509,forward_simulation,5,training,7,1,
19,8,1,8,single_condition,none,wine_quality,1002,forward_simulation,5,training,8,1,
19,9,1,9,single_condition,none,wine_quality,955,forward_simulation,5,training,9,0,
19,10,1,10,single_condition,none,wine_quality,1581,forward_simulation,5,training,10,0,
19,11,1,1,single_condition,none,wine_quality,950,forward_simulation,5,testing,1,1,True
19,12,1,2,single_condition,none,wine_quality,1045,forward_simulation,5,testing,2,0,True
19,13,1,3,single_condition,none,wine_quality,1107,forward_simulation,5,testing,3,1,True
19,14,1,4,single_condition,none,wine_quality,999,forward_simulation,5,testing,4,0,False
19,15,1,5,single_condition,none,wine_quality,461,forward_simulation,5,testing,5,0,False
19,16,1,6,single_condition,none,wine_quality,1438,forward_simulation,5,testing,6,0,False
19,17,1,7,single_condition,none,wine_quality,1398,forward_simulation,5,testing,7,0,True
19,18,1,8,single_condition,none,wine_quality,1267,forward_simulation,5,testing,8,1,False
19,19,1,9,single_condition,none,wine_quality,470,forward_simulation,5,testing,9,1,False
19,20,1,10,single_condition,none,wine_quality,491,forward_simulation,5,testing,10,1,False
19,21,1,11,single_condition,none,wine_quality,1061,forward_simulation,5,testing,11,1,False
19,22,1,12,single_condition,none,wine_quality,1016,forward_simulation,5,testing,12,1,False
19,23,1,13,single_condition,none,wine_quality,214,forward_simulation,5,testing,13,0,True
19,24,1,14,single_condition,none,wine_quality,294,forward_simulation,5,testing,14,0,True
19,25,1,15,single_condition,none,wine_quality,505,forward_simulation,5,testing,15,1,False
19,26,1,16,single_condition,none,wine_quality,377,forward_simulation,5,testing,16,1,True
19,27,1,17,single_condition,none,wine_quality,681,forward_simulation,5,testing,17,0,True
19,28,1,18,single_condition,none,wine_quality,1355,forward_simulation,5,testing,18,0,False
19,29,1,19,single_condition,none,wine_quality,1229,forward_simulation,5,testing,19,0,True
19,30,1,20,single_condition,none,wine_quality,1070,forward_simulation,5,testing,20,1,True
20,1,1,1,single_condition,importance,wine_quality,946,forward_simulation,5,training,1,1,
20,2,1,2,single_condition,importance,wine_quality,1544,forward_simulation,5,training,2,1,
20,3,1,3,single_condition,importance,wine_quality,1402,forward_simulation,5,training,3,1,
20,4,1,4,single_condition,importance,wine_quality,1214,forward_simulation,5,training,4,0,
20,5,1,5,single_condition,importance,wine_quality,1309,forward_simulation,5,training,5,0,
20,6,1,6,single_condition,importance,wine_quality,348,forward_simulation,5,training,6,0,
20,7,1,7,single_condition,importance,wine_quality,663,forward_simulation,5,training,7,1,
20,8,1,8,single_condition,importance,wine_quality,304,forward_simulation,5,training,8,0,
20,9,1,9,single_condition,importance,wine_quality,1231,forward_simulation,5,training,9,0,
20,10,1,10,single_condition,importance,wine_quality,913,forward_simulation,5,training,10,1,
20,11,1,1,single_condition,importance,wine_quality,40,forward_simulation,5,testing,1,0,True
20,12,1,2,single_condition,importance,wine_quality,882,forward_simulation,5,testing,2,1,False
20,13,1,3,single_condition,importance,wine_quality,523,forward_simulation,5,testing,3,0,True
20,14,1,4,single_condition,importance,wine_quality,940,forward_simulation,5,testing,4,1,True
20,15,1,5,single_condition,importance,wine_quality,1061,forward_simulation,5,testing,5,1,True
20,16,1,6,single_condition,importance,wine_quality,1113,forward_simulation,5,testing,6,0,False
20,17,1,7,single_condition,importance,wine_quality,1330,forward_simulation,5,testing,7,0,True
20,18,1,8,single_condition,importance,wine_quality,1107,forward_simulation,5,testing,8,1,True
20,19,1,9,single_condition,importance,wine_quality,267,forward_simulation,5,testing,9,1,True
20,20,1,10,single_condition,importance,wine_quality,13,forward_simulation,5,testing,10,0,False
20,21,1,11,single_condition,importance,wine_quality,578,forward_simulation,5,testing,11,0,False
20,22,1,12,single_condition,importance,wine_quality,377,forward_simulation,5,testing,12,1,False
20,23,1,13,single_condition,importance,wine_quality,1172,forward_simulation,5,testing,13,1,True
20,24,1,14,single_condition,importance,wine_quality,1365,forward_simulation,5,testing,14,0,False
20,25,1,15,single_condition,importance,wine_quality,1502,forward_simulation,5,testing,15,0,False
20,26,1,16,single_condition,importance,wine_quality,1018,forward_simulation,5,testing,16,1,True
20,27,1,17,single_condition,importance,wine_quality,505,forward_simulation,5,testing,17,1,True
20,28,1,18,single_condition,importance,wine_quality,688,forward_simulation,5,testing,18,0,False
20,29,1,19,single_condition,importance,wine_quality,933,forward_simulation,5,testing,19,0,False
20,30,1,20,single_condition,importance,wine_quality,1016,forward_simulation,5,testing,20,1,False
21,1,1,1,single_condition,attribution,wine_quality,624,forward_simulation,5,training,1,0,
21,2,1,2,single_condition,attribution,wine_quality,1162,forward_simulation,5,training,2,1,
21,3,1,3,single_condition,attribution,wine_quality,968,forward_simulation,5,training,3,0,
21,4,1,4,single_condition,attribution,wine_quality,363,forward_simulation,5,training,4,0,
21,5,1,5,single_condition,attribution,wine_quality,1584,forward_simulation,5,training,5,1,
21,6,1,6,single_condition,attribution,wine_quality,874,forward_simulation,5,training,6,1,
21,7,1,7,single_condition,attribution,wine_quality,419,forward_simulation,5,training,7,0,
21,8,1,8,single_condition,attribution,wine_quality,836,forward_simulation,5,training,8,1,
21,9,1,9,single_condition,attribution,wine_quality,837,forward_simulation,5,training,9,1,
21,10,1,10,single_condition,attribution,wine_quality,245,forward_simulation,5,training,10,0,
21,11,1,1,single_condition,attribution,wine_quality,1125,forward_simulation,5,testing,1,1,True
21,12,1,2,single_condition,attribution,wine_quality,1082,forward_simulation,5,testing,2,0,False
21,13,1,3,single_condition,attribution,wine_quality,1132,forward_simulation,5,testing,3,1,False
21,14,1,4,single_condition,attribution,wine_quality,267,forward_simulation,5,testing,4,1,False
21,15,1,5,single_condition,attribution,wine_quality,491,forward_simulation,5,testing,5,1,True
21,16,1,6,single_condition,attribution,wine_quality,234,forward_simulation,5,testing,6,0,True
21,17,1,7,single_condition,attribution,wine_quality,1016,forward_simulation,5,testing,7,1,True
21,18,1,8,single_condition,attribution,wine_quality,871,forward_simulation,5,testing,8,0,False
21,19,1,9,single_condition,attribution,wine_quality,1070,forward_simulation,5,testing,9,1,True
21,20,1,10,single_condition,attribution,wine_quality,845,forward_simulation,5,testing,10,0,False
21,21,1,11,single_condition,attribution,wine_quality,61,forward_simulation,5,testing,11,0,True
21,22,1,12,single_condition,attribution,wine_quality,1060,forward_simulation,5,testing,12,0,True
21,23,1,13,single_condition,attribution,wine_quality,1301,forward_simulation,5,testing,13,0,False
21,24,1,14,single_condition,attribution,wine_quality,1371,forward_simulation,5,testing,14,0,False
21,25,1,15,single_condition,attribution,wine_quality,1495,forward_simulation,5,testing,15,0,True
21,26,1,16,single_condition,attribution,wine_quality,505,forward_simulation,5,testing,16,1,True
21,27,1,17,single_condition,attribution,wine_quality,1424,forward_simulation,5,testing,17,0,True
21,28,1,18,single_condition,attribution,wine_quality,875,forward_simulation,5,testing,18,1,False
21,29,1,19,single_condition,attribution,wine_quality,1107,forward_simulation,5,testing,19,1,False
21,30,1,20,single_condition,attribution,wine_quality,1018,forward_simulation,5,testing,20,1,False
22,1,1,1,single_condition,none,wine_quality,1002,forward_simulation,5,training,1,1,
22,2,1,2,single_condition,none,wine_quality,1240,forward_simulation,5,training,2,0,
22,3,1,3,single_condition,none,wine_quality,1542,forward_simulation,5,training,3,0,
22,4,1,4,single_condition,none,wine_quality,1033,forward_simulation,5,training,4,0,
22,5,1,5,single_condition,none,wine_quality,312,forward_simulation,5,training,5,0,
22,6,1,6,single_condition,none,wine_quality,1209,forward_simulation,5,training,6,1,
22,7,1,7,single_condition,none,wine_quality,1110,forward_simulation,5,training,7,0,
22,8,1,8,single_condition,none,wine_quality,1090,forward_simulation,5,training,8,1,
22,9,1,9,single_condition,none,wine_quality,1008,forward_simulation,5,training,9,1,
22,10,1,10,single_condition,none,wine_quality,1015,forward_simulation,5,training,10,1,
22,11,1,1,single_condition,none,wine_quality,1472,forward_simulation,5,testing,1,0,False
22,12,1,2,single_condition,none,wine_quality,505,forward_simulation,5,testing,2,1,False
22,13,1,3,single_condition,none,wine_quality,23,forward_simulation,5,testing,3,0,True
22,14,1,4,single_condition,none,wine_quality,875,forward_simulation,5,testing,4,1,True
22,15,1,5,single_condition,none,wine_quality,1319,forward_simulation,5,testing,5,0,True
22,16,1,6,single_condition,none,wine_quality,1250,forward_simulation,5,testing,6,0,False
22,17,1,7,single_condition,none,wine_quality,950,forward_simulation,5,testing,7,1,False
22,18,1,8,single_condition,none,wine_quality,243,forward_simulation,5,testing,8,0,False
22,19,1,9,single_condition,none,wine_quality,1016,forward_simulation,5,testing,9,1,True
22,20,1,10,single_condition,none,wine_quality,947,forward_simulation,5,testing,10,1,False
22,21,1,11,single_condition,none,wine_quality,928,forward_simulation,5,testing,11,0,True
22,22,1,12,single_condition,none,wine_quality,1061,forward_simulation,5,testing,12,1,False
22,23,1,13,single_condition,none,wine_quality,1070,forward_simulation,5,testing,13,1,True
22,24,1,14,single_condition,none,wine_quality,902,forward_simulation,5,testing,14,0,True
22,25,1,15,single_condition,none,wine_quality,1436,forward_simulation,5,testing,15,0,True
22,26,1,16,single_condition,none,wine_quality,1398,forward_simulation,5,testing,16,0,True
22,27,1,17,single_condition,none,wine_quality,882,forward_simulation,5,testing,17,1,False
22,28,1,18,single_condition,none,wine_quality,1267,forward_simulation,5,testing,18,1,True
22,29,1,19,single_condition,none,wine_quality,1396,forward_simulation,5,testing,19,0,False
22,30,1,20,single_condition,none,wine_quality,1132,forward_simulation,5,testing,20,1,False
23,1,1,1,single_condition,importance,wine_quality,718,forward_simulation,5,training,1,0,
23,2,1,2,single_condition,importance,wine_quality,1373,forward_simulation,5,training,2,0,
23,3,1,3,single_condition,importance,wine_quality,357,forward_simulation,5,training,3,1,
23,4,1,4,single_condition,importance,wine_quality,840,forward_simulation,5,training,4,1,
23,5,1,5,single_condition,importance,wine_quality,583,forward_simulation,5,training,5,1,
23,6,1,6,single_condition,importance,wine_quality,1028,forward_simulation,5,training,6,0,
23,7,1,7,single_condition,importance,wine_quality,324,forward_simulation,5,training,7,0,
23,8,1,8,single_condition,importance,wine_quality,1221,forward_simulation,5,training,8,0,
23,9,1,9,single_condition,importance,wine_quality,440,forward_simulation,5,training,9,1,
23,10,1,10,single_condition,importance,wine_quality,1202,forward_simulation,5,training,10,1,
23,11,1,1,single_condition,importance,wine_quality,928,forward_simulation,5,testing,1,0,False
23,12,1,2,single_condition,importance,wine_quality,1172,forward_simulation,5,testing,2,1,False
23,13,1,3,single_condition,importance,wine_quality,982,forward_simulation,5,testing,3,0,False
23,14,1,4,single_condition,importance,wine_quality,1405,forward_simulation,5,testing,4,1,False
23,15,1,5,single_condition,importance,wine_quality,237,forward_simulation,5,testing,5,0,True
23,16,1,6,single_condition,importance,wine_quality,27,forward_simulation,5,testing,6,0,False
23,17,1,7,single_condition,importance,wine_quality,1473,forward_simulation,5,testing,7,0,False
23,18,1,8,single_condition,importance,wine_quality,1016,forward_simulation,5,testing,8,1,True
23,19,1,9,single_condition,importance,wine_quality,882,forward_simulation,5,testing,9,1,True
23,20,1,10,single_condition,importance,wine_quality,513,forward_simulation,5,testing,10,0,True
23,21,1,11,single_condition,importance,wine_quality,1018,forward_simulation,5,testing,11,1,True
23,22,1,12,single_condition,importance,wine_quality,1132,forward_simulation,5,testing,12,1,False
23,23,1,13,single_condition,importance,wine_quality,294,forward_simulation,5,testing,13,0,True
23,24,1,14,single_condition,importance,wine_quality,470,forward_simulation,5,testing,14,1,True
23,25,1,15,single_condition,importance,wine_quality,505,forward_simulation,5,testing,15,1,True
23,26,1,16,single_condition,importance,wine_quality,1045,forward_simulation,5,testing,16,0,False
23,27,1,17,single_condition,importance,wine_quality,122,forward_simulation,5,testing,17,0,True
23,28,1,18,single_condition,importance,wine_quality,539,forward_simulation,5,testing,18,0,False
23,29,1,19,single_condition,importance,wine_quality,1070,forward_simulation,5,testing,19,1,True
23,30,1,20,single_condition,importance,wine_quality,950,forward_simulation,5,testing,20,1,False
24,1,1,1,single_condition,attribution,wine_quality,1086,forward_simulation,5,training,1,1,
24,2,1,2,single_condition,attribution,wine_quality,734,forward_simulation,5,training,2,0,
24,3,1,3,single_condition,attribution,wine_quality,1000,forward_simulation,5,training,3,0,
24,4,1,4,single_condition,attribution,wine_quality,901,forward_simulation,5,training,4,0,
24,5,1,5,single_condition,attribution,wine_quality,1270,forward_simulation,5,training,5,0,
24,6,1,6,single_condition,attribution,wine_quality,784,forward_simulation,5,training,6,0,
24,7,1,7,single_condition,attribution,wine_quality,817,forward_simulation,5,training,7,1,
24,8,1,8,single_condition,attribution,wine_quality,606,forward_simulation,5,training,8,1,
24,9,1,9,single_condition,attribution,wine_quality,1007,forward_simulation,5,training,9,1,
24,10,1,10,single_condition,attribution,wine_quality,1209,forward_simulation,5,training,10,1,
24,11,1,1,single_condition,attribution,wine_quality,687,forward_simulation,5,testing,1,0,True
24,12,1,2,single_condition,attribution,wine_quality,947,forward_simulation,5,testing,2,1,False
24,13,1,3,single_condition,attribution,wine_quality,950,forward_simulation,5,testing,3,1,False
24,14,1,4,single_condition,attribution,wine_quality,875,forward_simulation,5,testing,4,1,False
24,15,1,5,single_condition,attribution,wine_quality,1392,forward_simulation,5,testing,5,0,False
24,16,1,6,single_condition,attribution,wine_quality,1297,forward_simulation,5,testing,6,0,True
24,17,1,7,single_condition,attribution,wine_quality,267,forward_simulation,5,testing,7,1,True
24,18,1,8,single_condition,attribution,wine_quality,377,forward_simulation,5,testing,8,1,True
24,19,1,9,single_condition,attribution,wine_quality,1357,forward_simulation,5,testing,9,0,True
24,20,1,10,single_condition,attribution,wine_quality,940,forward_simulation,5,testing,10,1,False
24,21,1,11,single_condition,attribution,wine_quality,554,forward_simulation,5,testing,11,0,False
24,22,1,12,single_condition,attribution,wine_quality,1132,forward_simulation,5,testing,12,1,False
24,23,1,13,single_condition,attribution,wine_quality,1107,forward_simulation,5,testing,13,1,True
24,24,1,14,single_condition,attribution,wine_quality,163,forward_simulation,5,testing,14,0,True
24,25,1,15,single_condition,attribution,wine_quality,888,forward_simulation,5,testing,15,0,False
24,26,1,16,single_condition,attribution,wine_quality,136,forward_simulation,5,testing,16,0,True
24,27,1,17,single_condition,attribution,wine_quality,1405,forward_simulation,5,testing,17,1,True
24,28,1,18,single_condition,attribution,wine_quality,1289,forward_simulation,5,testing,18,0,False
24,29,1,19,single_condition,attribution,wine_quality,505,forward_simulation,5,testing,19,1,False
24,30,1,20,single_condition,attribution,wine_quality,1367,forward_simulation,5,testing,20,0,True
